<root>
    <entry>
   		<id>0</id>
        <action>PLAY_PAUSE</action>
    </entry>
  	<entry>
  	    <id>1</id>
  	    <action>FULLSCREEN</action>
  	</entry>
    <entry>
        <id>2</id>
        <action>INFORMATION_OF_MEDIA</action>
    </entry>
    <entry>
        <id>3</id>
        <action>BACK</action>
    </entry>
    <entry>
        <id>4</id>
        <action>FORWARD</action>
    </entry>
    <entry>
        <id>5</id>
        <action>VOLUME_UP</action>
    </entry>
    <entry>
        <id>6</id>
        <action>VOLUME_DOWN</action>
    </entry>
</root>
