<root>
    <entry>
        <event>ACC_HIT</event>
        <number>1</number>
        <id>0</id>
    </entry>
    <entry>
        <event>ACC_HIT</event>
        <number>2</number>
        <id>1</id>
    </entry>
    <entry>
        <event>ACC_HIT</event>
        <number>3</number>
        <id>2</id>
    </entry>
    <entry>
        <event>ACC_LEFT</event>
        <number>1</number>
        <id>3</id>
    </entry>
    <entry>
        <event>ACC_RIGHT</event>
        <number>1</number>
        <id>4</id>
    </entry>
    <entry>
        <event>ACC_UP</event>
        <number>1</number>
        <id>5</id>
    </entry>
    <entry>
        <event>ACC_DOWN</event>
        <number>1</number>
        <id>6</id>
    </entry>
     <entry>
        <event>MIC_HIGH</event>
        <number>1</number>
        <id>7</id>
    </entry>
</root>